{
  "Home Concurso 1-18" : {
    "transaction" : "Home Concurso 1-18",
    "sampleCount" : 500,
    "errorCount" : 0,
    "errorPct" : 0.0,
    "meanResTime" : 4.518000000000001,
    "minResTime" : 0.0,
    "maxResTime" : 135.0,
    "pct1ResTime" : 7.0,
    "pct2ResTime" : 12.949999999999989,
    "pct3ResTime" : 44.97000000000003,
    "throughput" : 20.29056083110137,
    "receivedKBytesPerSec" : 1788.7199382659687,
    "sentKBytesPerSec" : 4.101705168005844
  },
  "Home Concurso 1-19" : {
    "transaction" : "Home Concurso 1-19",
    "sampleCount" : 500,
    "errorCount" : 0,
    "errorPct" : 0.0,
    "meanResTime" : 3.539999999999999,
    "minResTime" : 0.0,
    "maxResTime" : 136.0,
    "pct1ResTime" : 5.0,
    "pct2ResTime" : 8.0,
    "pct3ResTime" : 33.0,
    "throughput" : 20.2930313730265,
    "receivedKBytesPerSec" : 1210.953829548683,
    "sentKBytesPerSec" : 4.003117516944681
  },
  "Home Concurso 1-16" : {
    "transaction" : "Home Concurso 1-16",
    "sampleCount" : 500,
    "errorCount" : 0,
    "errorPct" : 0.0,
    "meanResTime" : 2.993999999999999,
    "minResTime" : 0.0,
    "maxResTime" : 96.0,
    "pct1ResTime" : 5.0,
    "pct2ResTime" : 7.949999999999989,
    "pct3ResTime" : 27.99000000000001,
    "throughput" : 20.24701356549909,
    "receivedKBytesPerSec" : 30.92414962543025,
    "sentKBytesPerSec" : 4.033584733751772
  },
  "Home Concurso 1-17" : {
    "transaction" : "Home Concurso 1-17",
    "sampleCount" : 500,
    "errorCount" : 0,
    "errorPct" : 0.0,
    "meanResTime" : 3.334000000000001,
    "minResTime" : 0.0,
    "maxResTime" : 99.0,
    "pct1ResTime" : 5.0,
    "pct2ResTime" : 9.0,
    "pct3ResTime" : 42.79000000000019,
    "throughput" : 20.282330034074313,
    "receivedKBytesPerSec" : 72.71136089363945,
    "sentKBytesPerSec" : 4.040620436475742
  },
  "Home Concurso 1-14" : {
    "transaction" : "Home Concurso 1-14",
    "sampleCount" : 500,
    "errorCount" : 0,
    "errorPct" : 0.0,
    "meanResTime" : 4.093999999999996,
    "minResTime" : 0.0,
    "maxResTime" : 136.0,
    "pct1ResTime" : 6.0,
    "pct2ResTime" : 12.949999999999989,
    "pct3ResTime" : 47.940000000000055,
    "throughput" : 20.219993529602068,
    "receivedKBytesPerSec" : 410.0669976848107,
    "sentKBytesPerSec" : 3.968963573681656
  },
  "Home Concurso 1-15" : {
    "transaction" : "Home Concurso 1-15",
    "sampleCount" : 500,
    "errorCount" : 0,
    "errorPct" : 0.0,
    "meanResTime" : 4.840000000000001,
    "minResTime" : 0.0,
    "maxResTime" : 136.0,
    "pct1ResTime" : 7.0,
    "pct2ResTime" : 12.0,
    "pct3ResTime" : 93.0,
    "throughput" : 20.22653721682848,
    "receivedKBytesPerSec" : 347.07078655946606,
    "sentKBytesPerSec" : 4.00975298341424
  },
  "Home Concurso 1-12" : {
    "transaction" : "Home Concurso 1-12",
    "sampleCount" : 500,
    "errorCount" : 0,
    "errorPct" : 0.0,
    "meanResTime" : 4.635999999999998,
    "minResTime" : 0.0,
    "maxResTime" : 156.0,
    "pct1ResTime" : 7.0,
    "pct2ResTime" : 12.0,
    "pct3ResTime" : 42.97000000000003,
    "throughput" : 20.145044319097504,
    "receivedKBytesPerSec" : 1009.5539446514907,
    "sentKBytesPerSec" : 4.013270547945205
  },
  "Home Concurso 1-13" : {
    "transaction" : "Home Concurso 1-13",
    "sampleCount" : 500,
    "errorCount" : 0,
    "errorPct" : 0.0,
    "meanResTime" : 6.306000000000006,
    "minResTime" : 1.0,
    "maxResTime" : 154.0,
    "pct1ResTime" : 9.0,
    "pct2ResTime" : 15.0,
    "pct3ResTime" : 84.96000000000004,
    "throughput" : 20.18733850129199,
    "receivedKBytesPerSec" : 2230.8586179748063,
    "sentKBytesPerSec" : 3.903411155523256
  },
  "Home Concurso 1-10" : {
    "transaction" : "Home Concurso 1-10",
    "sampleCount" : 500,
    "errorCount" : 0,
    "errorPct" : 0.0,
    "meanResTime" : 5.246,
    "minResTime" : 0.0,
    "maxResTime" : 129.0,
    "pct1ResTime" : 7.0,
    "pct2ResTime" : 13.949999999999989,
    "pct3ResTime" : 85.90000000000009,
    "throughput" : 20.128824476650564,
    "receivedKBytesPerSec" : 1714.1934946155395,
    "sentKBytesPerSec" : 3.6758693136070852
  },
  "Home Concurso 1-11" : {
    "transaction" : "Home Concurso 1-11",
    "sampleCount" : 500,
    "errorCount" : 0,
    "errorPct" : 0.0,
    "meanResTime" : 5.392000000000004,
    "minResTime" : 0.0,
    "maxResTime" : 117.0,
    "pct1ResTime" : 7.900000000000034,
    "pct2ResTime" : 13.0,
    "pct3ResTime" : 93.99000000000001,
    "throughput" : 20.132066355290707,
    "receivedKBytesPerSec" : 1611.1354548337092,
    "sentKBytesPerSec" : 3.8730635468674506
  },
  "Home Concurso 1-20" : {
    "transaction" : "Home Concurso 1-20",
    "sampleCount" : 500,
    "errorCount" : 0,
    "errorPct" : 0.0,
    "meanResTime" : 2.3120000000000007,
    "minResTime" : 0.0,
    "maxResTime" : 40.0,
    "pct1ResTime" : 4.0,
    "pct2ResTime" : 6.949999999999989,
    "pct3ResTime" : 18.99000000000001,
    "throughput" : 20.298798311139983,
    "receivedKBytesPerSec" : 182.80812307161415,
    "sentKBytesPerSec" : 4.043901226047418
  },
  "Home Concurso 1-9" : {
    "transaction" : "Home Concurso 1-9",
    "sampleCount" : 500,
    "errorCount" : 0,
    "errorPct" : 0.0,
    "meanResTime" : 3.636,
    "minResTime" : 0.0,
    "maxResTime" : 116.0,
    "pct1ResTime" : 5.0,
    "pct2ResTime" : 10.0,
    "pct3ResTime" : 60.940000000000055,
    "throughput" : 20.129634848423848,
    "receivedKBytesPerSec" : 164.87035886106526,
    "sentKBytesPerSec" : 4.088832078586095
  },
  "Home Concurso 1" : {
    "transaction" : "Home Concurso 1",
    "sampleCount" : 500,
    "errorCount" : 0,
    "errorPct" : 0.0,
    "meanResTime" : 1551.7580000000005,
    "minResTime" : 159.0,
    "maxResTime" : 3372.0,
    "pct1ResTime" : 2065.8,
    "pct2ResTime" : 2094.85,
    "pct3ResTime" : 2718.5300000000034,
    "throughput" : 19.017191541153203,
    "receivedKBytesPerSec" : 18692.869385174195,
    "sentKBytesPerSec" : 99.50596902099497
  },
  "Home Concurso 1-2" : {
    "transaction" : "Home Concurso 1-2",
    "sampleCount" : 500,
    "errorCount" : 0,
    "errorPct" : 0.0,
    "meanResTime" : 5.280000000000006,
    "minResTime" : 0.0,
    "maxResTime" : 141.0,
    "pct1ResTime" : 8.0,
    "pct2ResTime" : 13.949999999999989,
    "pct3ResTime" : 106.91000000000008,
    "throughput" : 19.36708370453577,
    "receivedKBytesPerSec" : 591.0175768389046,
    "sentKBytesPerSec" : 4.0852442189255145
  },
  "Home Concurso 1-1" : {
    "transaction" : "Home Concurso 1-1",
    "sampleCount" : 500,
    "errorCount" : 0,
    "errorPct" : 0.0,
    "meanResTime" : 8.421999999999995,
    "minResTime" : 1.0,
    "maxResTime" : 152.0,
    "pct1ResTime" : 17.0,
    "pct2ResTime" : 43.0,
    "pct3ResTime" : 95.85000000000014,
    "throughput" : 19.365583485030402,
    "receivedKBytesPerSec" : 2690.983989503854,
    "sentKBytesPerSec" : 3.876899037530501
  },
  "Home Concurso 1-4" : {
    "transaction" : "Home Concurso 1-4",
    "sampleCount" : 500,
    "errorCount" : 0,
    "errorPct" : 0.0,
    "meanResTime" : 2.8319999999999994,
    "minResTime" : 0.0,
    "maxResTime" : 109.0,
    "pct1ResTime" : 5.0,
    "pct2ResTime" : 8.0,
    "pct3ResTime" : 19.980000000000018,
    "throughput" : 19.37608990505716,
    "receivedKBytesPerSec" : 30.78603347219531,
    "sentKBytesPerSec" : 4.030378075954273
  },
  "Home Concurso 1-25" : {
    "transaction" : "Home Concurso 1-25",
    "sampleCount" : 500,
    "errorCount" : 0,
    "errorPct" : 0.0,
    "meanResTime" : 1.6939999999999993,
    "minResTime" : 0.0,
    "maxResTime" : 31.0,
    "pct1ResTime" : 3.0,
    "pct2ResTime" : 5.0,
    "pct3ResTime" : 24.99000000000001,
    "throughput" : 20.338431500162706,
    "receivedKBytesPerSec" : 48.16474256630329,
    "sentKBytesPerSec" : 3.535391413114221
  },
  "Home Concurso 1-3" : {
    "transaction" : "Home Concurso 1-3",
    "sampleCount" : 500,
    "errorCount" : 0,
    "errorPct" : 0.0,
    "meanResTime" : 2.8380000000000014,
    "minResTime" : 0.0,
    "maxResTime" : 109.0,
    "pct1ResTime" : 5.0,